project_name,project_aliase,project_status
Taverna,taverna,retired
ServiceMix,servicemix,graduated
Sling,sling,graduated
PhotArk,photark,retired
UIMA,uima,graduated
Qpid,qpid,graduated
Chukwa,chukwa,graduated
DataSketches,datasketches,graduated
Traffic Server,trafficserver,graduated
Sirona,sirona,retired
Mesos,mesos,graduated
Weex,weex,retired
EasyAnt,ant,graduated
Drill,drill,graduated
ODF Toolkit,odf,retired
Calcite,calcite,graduated
NetBeans,netbeans,graduated
Myriad,myriad,retired
Quickstep,quickstep,retired
Fineract,fineract,graduated
Slider,slider,retired
ECharts,echarts,graduated
Twill,twill,graduated
OFBiz,ofbiz,graduated
Wave,wave,retired
CarbonData,carbondata,graduated
Hadoop Development Tools (HDT),hdt,retired
Ripple,ripple,retired
ESME,esme,graduated
Ranger,ranger,graduated
Bluesky,bluesky,retired
TinkerPop,tinkerpop,graduated
Daffodil,daffodil,graduated
SAMOA,samoa,retired
MRQL,mrql,retired
MetaModel,metamodel,graduated
BatchEE,batchee,graduated
Omid,omid,graduated
Impala,impala,graduated
Falcon,falcon,graduated
APISIX,apisix,graduated
Thrift,thrift,graduated
HORN,horn,retired
Tika,tika,graduated
OpenAz,openaz,retired
SystemML,systemml,graduated
Whirr,whirr,graduated
NPanday,npanday,retired
Graffito,graffito,retired
ACE,ace,graduated
Harmony,harmony,graduated
DirectMemory,directmemory,graduated
Kafka,kafka,graduated
Allura,allura,graduated
IoTDB,iotdb,graduated
Rya,rya,graduated
Tuscany,tuscany,graduated
CXF,cxf,graduated
ActiveMQ,activemq,graduated
Shindig,shindig,graduated
JSPWiki,jspwiki,graduated
ShardingSphere,shardingsphere,graduated
Knox,knox,graduated
Edgent,edgent,retired
Ratis,ratis,graduated
Stonehenge,stonehenge,retired
Tashi,tashi,retired
HCatalog,hcatalog,graduated
Mynewt,mynewt,graduated
Airflow,airflow,graduated
FtpServer,ftpserver,graduated
Etch,etch,graduated
Gobblin,gobblin,graduated
S4,s4,retired
Tajo,tajo,graduated
Trinidad,adffaces,graduated
Pinot,pinot,graduated
River,river,graduated
Amber,oltu,graduated
Airavata,airavata,graduated
Syncope,syncope,graduated
Cordova,cordova,graduated
Empire-db,empire,graduated
Mnemonic,mnemonic,graduated
Crunch,crunch,graduated
Unomi,unomi,graduated
Wink,wink,graduated
HAWQ,hawq,graduated
Kitty,kitty,retired
DistributedLog,bookkeeper,graduated
Isis,isis,graduated
Brooklyn,brooklyn,graduated
Clerezza,clerezza,graduated
VCL,vcl,graduated
Buildr,buildr,graduated
AsterixDB,asterixdb,graduated
Stratos,stratos,graduated
Blur,blur,retired
Iceberg,iceberg,graduated
Cassandra,cassandra,graduated
REEF,reef,graduated
Tez,tez,graduated
Olio,olio,retired
Traffic Control,trafficcontrol,graduated
stdcxx,stdcxx,graduated
Superset,superset,graduated
S2Graph,s2graph,retired
Abdera,abdera,graduated
Celix,celix,graduated
Geode,geode,graduated
HTrace,htrace,retired
Shiro,shiro,graduated
OODT,oodt,graduated
Gossip,gossip,retired
Droids,droids,retired
Ambari,ambari,graduated
Guacamole,guacamole,graduated
Kato,kato,retired
FreeMarker,freemarker,graduated
Metron,metron,graduated
Usergrid,usergrid,graduated
MyFaces,myfaces,graduated
Griffin,griffin,graduated
Zeppelin,zeppelin,graduated
XAP,xap,retired
Helix,helix,graduated
PDFBox,pdfbox,graduated
Groovy,groovy,graduated
Ivy,ivy,graduated
ManifoldCF,manifoldcf,graduated
Phoenix,phoenix,graduated
Solr,solr,graduated
NMaven,nmaven,retired
Lokahi,lokahi,retired
Sentry,sentry,graduated
Marmotta,marmotta,graduated
Climate Model Diagnostic Analyzer,cmda,retired
OpenOffice.org,openoffice,graduated
Pulsar,pulsar,graduated
SINGA,singa,graduated
Dubbo,dubbo,graduated
Kalumet,kalumet,retired
Wookie,wookie,graduated
TVM,tvm,graduated
Hama,hama,graduated
SkyWalking,skywalking,graduated
Stanbol,stanbol,graduated
Bigtop,bigtop,graduated
Ode,ode,graduated
Open Climate Workbench,climate,graduated
DeviceMap,devicemap,graduated
Sanselan,sanselan,graduated
DataFu,datafu,graduated
Pig,pig,graduated
Tephra,tephra,graduated
Tamaya,tamaya,retired
AriaTosca,ariatosca,retired
Fluo,fluo,graduated
Atlas,atlas,graduated
OpenWhisk,openwhisk,graduated
Cayenne,cayenne,graduated
mod_ftp,mod_ftp,graduated
Libcloud,libcloud,graduated
Johnzon,johnzon,graduated
CouchDB,couchdb,graduated
Zeta Components,zeta,retired
Trafodion,trafodion,graduated
DolphinScheduler,dolphinscheduler,graduated
Provisionr,provisionr,retired
Kudu,kudu,graduated
Jackrabbit,jackrabbit,graduated
Roller,roller,graduated
Aurora,aurora,graduated
Accumulo,accumulo,graduated
HISE,hise,retired
Streams,streams,graduated
Zipkin,zipkin,retired
Gearpump,gearpump,retired
VXQuery,vxquery,graduated
Wicket,wicket,graduated
Gora,gora,graduated
Hudi,hudi,graduated
Kylin,kylin,graduated
Heraldry,heraldry,retired
Chemistry,chemistry,graduated
Sqoop,sqoop,graduated
CommonsRDF,commonsrdf,graduated
Openmeetings,openmeetings,graduated
PredictionIO,predictionio,graduated
RocketMQ,rocketmq,graduated
Click,click,graduated
Lucy,lucy,graduated
Eagle,eagle,graduated
Derby,derby,graduated
ServiceComb,servicecomb,graduated
Apex,apex,graduated
Flume,flume,graduated
Joshua,joshua,graduated
Yoko,yoko,retired
Curator,curator,graduated
Bean Validation,bval,graduated
Pivot,pivot,graduated
OpenJPA,openjpa,graduated
Nuvem,nuvem,graduated
Deltacloud,deltacloud,graduated
Lucene.NET,lucenenet,graduated
SIS,sis,graduated
PLC4X,plc4x,graduated
Felix,felix,graduated
Jena,jena,graduated
Parquet,parquet,graduated
Corinthia,corinthia,retired
DeltaSpike,deltaspike,graduated
Samza,samza,graduated
Warble,warble,retired
Agila,agila,retired
Flink,flink,graduated
Oozie,oozie,graduated
Juneau,juneau,graduated
Alois,alois,retired
Bloodhound,bloodhound,graduated
OpenWebBeans,openwebbeans,graduated
Synapse,synapse,graduated
CloudStack,cloudstack,graduated
Amaterasu,amaterasu,retired
Any23,any23,graduated
Hermes,pubscribe,graduated
OpenNLP,opennlp,graduated
iota,iota,retired
Giraph,giraph,graduated
jclouds,jclouds,graduated
Druid,druid,graduated
MRUnit,mrunit,graduated
Composer,composer,retired
Nutch,nutch,graduated
Flex,flex,graduated
Lens,lens,graduated
Rave,rave,graduated
Ignite,ignite,graduated
Beehive,beehive,graduated
Imperius,imperius,retired
NiFi,nifi,graduated
Pirk,pirk,retired
Aries,aries,graduated
cTAKES,ctakes,graduated
WebWork 2,struts,graduated
Concerted,concerted,retired
MADlib,madlib,graduated
JDO,jdo,graduated
AWF,awf,retired
Muse,muse,graduated
Onami,onami,graduated
Storm,storm,graduated
Olingo,olingo,graduated
TripleSoup,triplesoup,retired
Subversion,subversion,graduated
Beam,beam,graduated
OGNL,commons,graduated
Directory,directory,graduated
JuiCE,juice,retired
Spark,spark,graduated
iBATIS,ibatis,graduated
WADI,wadi,retired
